{
    "rmse": 0.6904056296161777,
    "mae": 0.553429348014277,
    "r2": 0.22275868754685957
}