{
    "rmse": 0.7900487100623226,
    "mae": 0.6424778437015434,
    "r2": -0.017782466939994412
}