{
    "rmse": 0.6899672208963414,
    "mae": 0.553402529310578,
    "r2": 0.22374547318700155
}